id,id_target,id_text,id_sound,id_effect
1610001,1220001,이봐 르누아르. 이게 지금 무슨 일인가?,,
1610002,1220007,모르겠네 모네. 갑자기 움직일 수가 없게 되었어,,
1610003,1220001,세상의 색도 없어졌어,,
1610004,1220001,이번에 전시회를 열지 못하면 파산을 할 게 분명해..,,
1610005,1220001,"...꼬마야, 너는 어떻게 움직이고 있는 거니?",,
1610006,1220001,"얘, 꼬마야 내가 지금 급해서 그런데 부탁을 들어줄 수 있니?",,
1610007,1220001,그림 보관소 안에 내 전시회 간판이 무사한지 확인해 줄 수 있니?,,
1610008,1220001,간판이 있는 그림 보관소는 옆 섬에 있단다,,
1610009,1220001,섬으로 가는 길에 귀부인 한 분이 서 계셨으니 찾기 쉬울 거야,,
1610101,1220002,그림 보관소의 위치?,,
1610201,1220002,알고는 있다만 움직일 수가 없으니 안내해 줄 수가 없구나,,
1610202,1220002,다리 앞 표지판에 공원 약도가 있단다,,
1610401,1220003,넌 뭐냐? 어떻게 움직이고 있는 거야,,
1610402,1220003,이 땡볕에 이렇게 서 있을 수밖에 없으니 죽을 맛이구나,,
1610403,1220003,이렇게 알 수 없는 일이 벌어진 세상이라면,,
1610404,1220003,누군가 태양을 떼 버리는 것도 가능하지 않을까?,,
1610501,1220003,태양이 갑자기 사라졌어,,
1610502,1220003,이제 좀 살 거 같구나,,
1610503,1220003,그나저나 이 몸뚱어리는 언제 움직일 수 있는 걸까?,,
1610504,1220003,평생 서 있으면 어떻게 하지?,,
1610505,1220003,"그러고 보니, 이 전시회를 하는 사람은 무사하려나?",,
1610601,1220001,돌아왔구나?,,
1610602,1220001,무사하다니 다행이구나...,,
1610603,1220001,여전히 움직일 수는 없단다,,
1610604,1220001,게다가 갑자기 밤이 되어버렸어,,
1610605,1220001,색도 없고 움직일 수도 없다니,,
1610606,1220001,정말 칙칙한 세계가 따로 없어,,
1610607,1220001,색이 돌아온다면 눈이라도 즐거울 텐데,,
1610608,1220001,그림에 색을 칠하는 것처럼 말이야,,
1610701,1220001,봤니? 꼬마야? 세상에 색이 돌아왔단다,,
1610702,1220001,색이 돌아왔는데 움직일 수가 없다니,,
1610703,1220001,이건 이거대로 고역이구나,,
1610704,1220001,그릴 게 이렇게 많은데 말이야,,
1610705,1220001,맙소사! 네가 세상의 색을 돌아오게 했다고?,,
1610706,1220001,그게 사실이라면 네가 무언가 해줄게 더 남아있을지 모르니,,
1610707,1220001,확인해 봐줄 수 있겠니?,,
1610801,1220008,오 꼬마야 오랜만이다,,
1610802,1220008,3년 정도 지났구나,,
1610803,1220008,이 세상에 해가 없어지고 네가 다시 돌아온 게 말이야,,
1610804,1220008,이곳이라면 해가 뜰 줄 알았는데,,
1610805,1220008,이러다 평생 해를 못 볼지도 모르겠어 등대라도 가볼래?,,
1610901,1220009,귀신이야!!! 살려주세요!,,
1611001,1220009,....크흠...사람이었네,,
1611002,1220009,이런 일이 벌어질 줄은 상상도 못했어,,
1611003,1220009,이 등대는 해를 띄울 수 있을 만큼 밝다는 이야기가 있어,,
1611004,1220009,그래서 해가 없어졌을 때 내가 등대를 밝힐 생각이었는데..,,
1611101,1220009,진짜.. 이 등대는 해를 띄울 수 있었구나,,
1611102,1220009,정말 잊지 못할 경험을 한 것 같다,,
1611103,1220009,넌 정말 대단한 아이구나!,,
1611104,1220009,아까 해를 찾던 사람이 있었거든 다행이야!,,
1611201,1220008,맙소사! 해가 돌아왔어,,
1611202,1220008,꿈에서 있을 법한 일이 또 일어났어,,
1611203,1220008,너는 내가 곤란할 때마다 큰 도움을 주는구나,,
1611204,1220008,마치 나를 도와주기 위해 네가 온 듯이 말이야,,
1611205,1220008,그러고 보니 아직 너의 이름도 모르는구나,,
1611206,1220008,마리? 참 예쁜 이름이야,,
1611207,1220008,아직 할 일이 남아있다고?,,
1611208,1220008,"그래, 마리 네가 돌아올 때까지 기다리마",,
1611301,1220008,"하하하, 할 일이 이거였다니",,
1611302,1220008,맞아 저번에도 네가 세상의 색을 되찾아주었었지,,
1611303,1220008,도대체 어떻게 한 거니?,,
1611304,1220008,맙소사! 그림에 색을 칠하면 색이 돌아온다고?,,
1611305,1220008,마치 이 세계가 그림 속 세계라도 되는 것 같구나,,
1611306,1220008,오히려 그림 속 세계가 아니라면 말이 안 되는 걸지도..,,
1611307,1220008,그렇다면 마저 부탁을 해도 되겠니?,,
1611308,1220008,"고맙다, 마리야",,
1611401,1220010,"마리야, 왔니?",,
1611402,1220010,너를 마지막으로 본 지 1년만 이구나,,
1611403,1220010,아무래도 너와 나의 시간이 다른 것 같아,,
1611404,1220010,도대체 왜 시간이 멈추고 색이 사라진 걸까?,,
1611405,1220010,가족들은 처음 겪는 일이라 많이 놀랐을 거야,,
1611406,1220010,특히 아들이 많이 놀랐을 텐데 네가 한번 살펴봐줄 수 있겠니?,,
1611501,1220011,"안녕, 반가워",,
1611601,1220011,나는 장이야! 넌 이름이 뭐야?,,
1611602,1220011,"마리구나! 있잖아 마리, 진짜 오늘은 최악이야!",,
1611603,1220011,엄마가 많이 아파서 좋아하는 꽃을 꺾어다 주려고 했는데,,
1611604,1220011,꽃이 피어나지 않았어...,,
1611605,1220011,비라도 내리면 꽃이 빨리 피어나지 않을까?,,
1611606,1220011,혹시 네가 아빠랑 도와줄 수 있어?,,
1611701,1220010,장이 비를 내리고 싶어 한다고?,,
1611801,1220010,허허 참 아이다운 재밌는 생각이구나,,
1611802,1220010,하지만 이곳이 정말 그림 속 세계라면,,
1611803,1220010,가능할지도 모르겠구나,,
1611804,1220010,마리야 장을 도와줄 수 있겠니?,,
1611805,1220010,내 집에 물뿌리개가 있단다,,
1611806,1220010,그 물뿌리개로 비를 내릴 수 있지 않을까?,,
1611807,1220010,모형 정원에 물을 뿌리면 마치 모형에 비가 오는 듯처럼 보이잖니?,,
1611901,1220010,맙소사... 정말 비가 왔어...,,
1612001,1220010,정말... 나는 그림 속 인물인 건가...,,
1612002,1220010,마리야 이 일은 너와 나의 비밀로 하자꾸나,,
1612003,1220010,가족들이 이 사실을 알게 된다면 충격이 심할 것 같아,,
1612004,1220010,특히 내 아내는 몸이 좋지 않거든,,
1612005,1220010,...아내가 이 개양귀비 꽃을 정말 좋아하는데,,
1612006,1220010,카미유에게 이 꽃을 주지 않겠니..?,,
1612101,1220012,어머 남편이 전해 주라고 했다고?,,
1612201,1220012,남편이 이 꽃을 주면서 나에게 고백하던 게 기억이 나네,,
1612202,1220012,그때 이 꽃은 정말 빨갛고 예뻤는데,,
1612203,1220012,지금은 아무것도 느껴지지 않는구나,,
1612204,1220012,그거 아니? 이 꽃은 은은하게 향기가 퍼지는 게 특징이란다,,
1612205,1220012,이렇게 꽃이 활짝 필 줄 알았다면,,
1612206,1220012,집에 있는 풍차라도 켜놓을걸...,,
1612301,1220012,"꼬마야, 방금 바람이 불기 시작했단다",,
1612302,1220012,꽃 향이 은은하게 퍼지더구나,,
1612303,1220012,신 님이 나의 말을 들어주신 걸까?,,
1612304,1220012,근데 신 님도 참 야속하시지,,
1612401,1220012,나를 이 꼴로 만들어놓으시고,,
1612402,1220012,진짜 되는 일도 없어,,
1612403,1220012,내 양산이 바람에 날아가 나무에 걸렸단다,,
1612404,1220012,남편이 사준 양산인데 움직일 수가 없으니...,,
1612501,1220012,"꼬마야, 너한테 말할 때마다 바라던 일이 이루어지는데",,
1612502,1220012,네가 한 거니? 그럴 리가 없나?,,
1612503,1220012,맞다면 네가 이 세계의 신인 것 같잖니?,,
1612504,1220012,아까 네가 사라졌을 때 양산과 함께 이게 날라왔단다,,
1612505,1220012,나보단 너에게 쓸모가 있을 것 같다 받아주렴,,
1612506,1220012,남편이 널 찾더구나 가보렴,,
1612601,1220010,마리야 고맙다,,
1612602,1220010,네 덕에 가족들이 안심한 것 같아,,
1612603,1220010,네가 카미유와 장을 도와주는 동안,,
1612604,1220010,생각이 많이 정리됐어,,
1612605,1220010,너와 나에게 벌어진 일들이 그림 속 일들이라는 게,,
1612606,1220010,오히려 말이 되는 것 같아,,
1612607,1220010,마리야 이제 이 그림의 색도 돌려주지 않겠니?,,
1612701,1220010,아직 모르는 게 투성이구나,,
1612702,1220010,왜 너와 나에게 이런 일이 벌어졌는지,,
1612703,1220010,왜 너만이 이 세계에서 이런 것들이 가능한지,,
1612704,1220010,왜 너는 시간이 지나도 늙지 않는지 말이야,,
1612705,1220010,마리 너는 대체 누구인 거니?,,
1612706,1220010,너한테 물어봐도 답을 얻을 수 없겠지?,,
1612707,1220010,...색이 돌아왔으니 너는 이제 다시 떠나야 하겠구나,,
1612708,1220010,미래에서는 답을 찾을 수 있어야 할텐데...,,
1612801,1220013,"4년 만이구나, 마리야",,
1612802,1220013,넌 언제 봐도 그대로구나,,
1612803,1220013,이번엔 기차를 그리려 했는데 기차가 오지 않아,,
1612804,1220013,왜 기차가 오지 않는 걸까? 매표소 주인이라면 알고 있을까?,,
1612901,1220014,"어서 오렴, 마리. 무얼 도와줄까?",,
1613001,1220014,기차가 언제 오냐고?,,
1613002,1220014,앞 쪽에 기차 시간표가 붙은 표지판이 있으니 확인해 볼래?,,
1613003,1220014,아 참! 기차 시간표를 확인한 뒤에 그 앞에 서있는 여인에게도 가봐줄 수 있겠니?,,
1613004,1220014,어떤 여인이 기차 표지판 앞에서 울고 있더구나,,
1613005,1220014,네가 무얼 도와줄 수 있을 것 같은데,,
1613006,1220014,여인이 왜 울고 있는지 한 번 들어봐주려무나,,
1613101,1220015,흑흑... 기차를 놓치다니,,
1613201,1220015,남편이 전쟁을 마치고 귀국했다는데,,
1613202,1220015,남편을 보러 갈 수가 없게 됐어,,
1613203,1220015,누군가 시간을 되돌려줬으면 좋겠어...,,
1613204,1220015,매표소 주인에게 다음 열차는 없는지 물어봐 줄 수 있겠니?,,
1613301,1220014,시간표에 지정된 시간 외에 역에 도착하는 열차는 없단다...,,
1613401,1220014,흠... 그것참 안타까운 사연이구나,,
1613402,1220014,시계탑의 시간만 되감을 수만 있어도..,,
1613403,1220014,혹 열차가 올지도 모르는데 말이야...,,
1613404,1220014,시계탑이 너무 높아 시곗바늘을 되돌릴 수도 없고..,,
1613501,1220015,기차가... 도착했어,,
1613601,1220015,분명 막차 시간은 지났었는데...,,
1613602,1220015,어떻게 된 일일까?,,
1613603,1220015,하지만 기차가 오면 뭐해,,
1613604,1220015,몸을 움직일 수가 없는데...,,
1613605,1220015,그러고 보니 아까 기차를 찾는 사람이 한 명 더 있었어...,,
1613701,1220013,드디어 기차가 왔단다,,
1613702,1220013,이제 내가 원하던 그림을 그릴 수 있겠어,,
1613703,1220013,정말 고맙다 네가 나에게 큰 힘이 되는구나,,
1613704,1220013,아 참 마리야 방금 매표소 주인이 나한테 말을 걸었단다,,
1613705,1220013,게다가 내가 그림을 그리기 위해서 역무원을 속였던 일까지 알고 있었어,,
1613706,1220013,그는 어떻게 움직여서 나에게 말을 건 걸까?,,
1613801,1220014,응? 마리야 그게 무슨 말이니,,
1613802,1220014,그 화가 분이 잘못 알고 있는 거 아닐까?,,
1613803,1220014,내가 이 상황에서 어떻게 움직여서 말을 걸 수 있겠어?,,
1613804,1220014,... 마리야 역무원이 도움을 요청하는 것 같구나,,
1613901,1220016,큰일이에요,,
1614001,1220016,기차가 들어올 때 선로를 바꿔야 하는데,,
1614002,1220016,상황이 상황인지라 변경하지 못했어요,,
1614003,1220016,기차가 출발하기 전에 기차 선로를 바꿔야 해요 부탁드려요,,
1614101,1220014,역시 마리 너는 대단하구나,,
1614102,1220014,에잇! 나는 그 화가 분에게 말을 건 적이 없다니까!,,
1614103,1220014,"그건 그렇고 마리야, 그림책 하나 사지 않을래? 하하",,
1614104,1220014,5프랑만 주면 돼 이 정도면 공짜란다?,,
1614105,1220014,돈이 없다면,,
1614106,1220014,아까 도와준 여인에게 부탁해 보는 건 어떠니?,,
1614201,1220015,... 꼬마가 어쩐 일로 이런 부탁을 하는 거니?,,
1614202,1220015,마침 내가 선로에 지갑을 떨어뜨렸단다,,
1614203,1220015,지갑을 찾아와 주면 내가 사례로 5프랑을 줄게,,
1614301,1220015,"어머, 정말 찾아와 주었구나!",,
1614401,1220015,내 지갑이 맞아,,
1614402,1220015,자 여기 약속했던 5프랑이란다,,
1614501,1220014,금방 구해왔구나? 하하,,
1614601,1220014,이 그림책은 사실 미완성이란다,,
1614602,1220014,그림책을 완성해서 책의 주인공과 얘기해 보렴,,
1614801,1220013,내 이야기를 전부 다 알고 있구나?,,
1614802,1220013,어떻게 알고 있는 거니?,,
1614803,1220013,나에 대한 책을 읽었다고?,,
1614804,1220013,맞아 그랬었지... 그림을 그리는 게 쉽지 않더구나,,
1614805,1220013,할 얘기가 있다고? 알았다,,
1614806,1220013,네가 색을 칠하고 올 때까지 기다리마,,
1614901,1220013,그래 할 말이 무엇이니?,,
1614902,1220013,이제 이런 일이 없을 거라고?,,
1614903,1220013,하하 정말 그랬으면 좋겠어,,
1614904,1220013,그럼! 난 네 말이라면 믿을 수 있단다,,
1614905,1220013,네가 도와준 덕에 그림을 완성해서 최근에 돈을 벌기 시작했거든,,
1614906,1220013,그동안의 답례니 받아주렴,,
1614907,1220013,뭐?... 이제 안녕이라니... 나는 너와 계속 같이 있을 줄 알았는데...,,
1614908,1220013,언젠가 다시 만날 수 있겠지?,,
1614909,1220013,...사실 아까 매표소 주인이 다시 와서,,
1614910,1220013,"너에게 나가는 방법을 알려주겠다고 했단다 가보렴, 마리",,
1615001,1220014,드디어 잊고 있던 기억을 떠올렸구나,,
1615002,1220014,요즘 네가 많이 힘들어하는 것 같아서,,
1615003,1220014,너를 도와주고 싶은 마음에,,
1615004,1220014,너의 꿈을 통해서라도 만나고 싶었단다,,
1615005,1220014,나가는 방법을 알려달라고?,,
1615006,1220014,저 기차를 타면 된단다,,
1615007,1220014,15프랑만 가져오면 기차 표를 줄게,,
1615101,1220014,마리 네가 되찾은 기억 4개에 대한 대가는 잘 받았단다,,
1615102,1220014,기차가 곧 떠날 시간이구나,,
1615103,1220014,하하! 고생 많았어,,
1615104,1220014,꿈속에서나마 널 만날 수 있어서 반가웠단다 마리,,
1615105,1220014,잘 돌아가렴,,
,,,,
,,,,
,,,,
,,,,
,,,,
1620001,1220001,이번 전시회는 꼭 성공해야 하는데...,,
1620031,1220002,남편 몰래 놀러 나왔는데..이 일을 어쩌지?,,
1620061,1220003,"그러고 보니, 이 전시회를 하는 사람은 무사하려나?",,
1620121,1220005,내 포도...내 포도가..!,,
1620131,1220005,포도가 굴러가서 곤란했단다,,
1620132,1220005,프랑스의 포도는 정말 맛있더구나,,
1620151,1220006,내일 출근인데..뭐야 이게,,
1620161,1220006,야! 너 뭐 하는 짓이야!,,
1620171,1220006,이 녀석! 다시 이런 장난 치면 안 된다,,
1620181,1220007,너..내 친구 어릴 때랑 똑같이 생겼구나?,,
1620211,1220008,"마리, 너라면 할 수 있을거야",,
1620241,1220009,언제가 되어야 태양이 뜨는 걸까?,,
1620242,1220009,등대를 밝히러 가야 하는데..,,
1620251,1220009,해를 띄우다니,,
1620252,1220009,넌 정말 대단한 아이야,,
1620271,1220010,마리 네가 있어서 정말 다행이야,,
1620301,1220011,꽃이 왜 피질 않는 거지?,,
1620311,1220011,꽃이 피어났어!,,
1620312,1220011,엄마가 기뻐했으면 좋겠어!,,
1620331,1220012,올해는 꽃을 보지 못하려나...,,
1620341,1220012,"어머, 꽃이 활짝 피었구나",,
1620351,1220012,남편이 널 많이 의지하더구나 고마워,,
1620361,1220013,"그동안 도와줘서 고마웠다, 마리",,
1620391,1220014,마리 너는 언제봐도 예쁘구나,,
1620421,1220015,흑흑...,,
1620431,1220015,몸만 움직인다면 남편을 보러 갈 수 있는데...,,
1620451,1220016,위험합니다. 선로에서 물러나주세요,,
1620461,1220016,표를 내지 않으면 기차에 타실 수 없습니다,,
1620471,1220016,반갑습니다 손님,,
1620472,1220016,좋은 꿈을 꾸셨는지요?,,
1620473,1220016,원래 있던 곳으로 안내하겠습니다,,
1620474,1220016,이 꿈이 당신에게 의미 있길 바랍니다,,