id,name,id_talk_1,id_talk_2,id_talk_3,id_quest_1,id_quest_2,id_quest_3,id_quest_4,id_quest_5
1220001,모네A,1601001,1601002,1601003,1510001,1510004,,,
1220002,귀부인,1601004,1601005,1601006,1510001,1510002,,,
1220003,관리인,1601007,1601008,1601009,1510003,,,,
1220004,그네 탄 노인,1601010,1601011,1601012,,,,,
1220005,테이블의 노인,1601013,1601014,1601015,,,,,
1220006,피서객,1601016,1601017,1601018,,,,,
1220007,르누아르,1601019,1601020,1601021,,,,,
1220008,모네B,1601022,1601023,1601024,1510005,1510007,,,
1220009,등대지기,1601025,1601026,1601027,1510005,1510006,,,
1220010,모네C,1601028,1601029,1601030,1510008,1510009,1510010,1510013,
1220011,장,1601031,1601032,1601033,1510008,1510009,,,
1220012,카미유,1601034,1601035,1601036,1510011,1510012,,,