id,quest_name,quest_class,quest_cond,cond_item,quest_acc,quest_clear,reward,quest_next,narr_start,narr_fin
1510001,가난한 화가의 부탁,1,1,-1,1220001,1220002,-1,1510002,1600001,1600002
1510002,갈 수 없는 섬,2,2,-1,1220002,-1,-1,1510003,1600003,1600004
1510003,태양을 피하는 방법,1,2,-1,1220003,1220003,1410002,1510004,1600005,1600006
1510004,색 칠하기 I,1,4,-1,1220001,1220001,-1,1510005,1600007,1600008
1510005,태양을 찾아서,1,1,-1,1220008,1220009,-1,1510006,1600009,1600010
1510006,등대 불 밝히기,1,2,-1,1220009,1220009,1410007,1510007,1600011,1600012
1510007,색 칠하기 II,1,4,-1,1220008,1220008,-1,1510008,1600013,1600014
1510008,개화,1,1,-1,1220010,1220011,-1,1510009,1600015,1600016
1510009,개화 (1),1,1,-1,1220011,1220010,-1,1510010,1600017,1600018
1510010,개화 (2),1,2,-1,1220010,1220010,1410008,1510011,1600019,1600020
1510011,개화 (3),1,3,1410008,1220010,1220012,-1,1510012,1600021,1600022
1510012,바람이 분다,1,2,-1,1220012,1220012,-1,1510013,1600023,1600024
1510013,잃어버린 양산,1,2,-1,1220012,1220012,1410011,1510014,1600025,1600026
1510014,색 칠하기 III,1,4,-1,1220010,1220010,-1,1510015,1600027,1600028
1510015,기차 없는 기차역,1,1,-1,1220013,1220014,-1,1510016,1600029,1600030
1510016,기차 없는 기차역 (1),1,1,-1,1220014,1220015,-1,1510017,1600031,1600032
1510017,기차 없는 기차역 (2),1,1,-1,1220015,1220014,-1,1510018,1600033,1600034
1510018,기차 없는 기차역 (3),1,2,-1,1220014,1220015,-1,1510019,1600035,1600036
1510019,기차 없는 기차역 (4),1,1,-1,1220015,1220013,-1,1510020,1600037,1600038
1510020,선로 변경,1,1,-1,1220014,1220016,-1,1510021,1600039,1600040
1510021,선로 변경 (1),1,2,-1,1220016,1220014,-1,1510022,1600041,1600042
1510022,선로 위 지갑,1,3,1410014,1220015,1220015,1410012,1510023,1600043,1600044
1510023,선로 위 지갑 (1),1,3,1410012,1220015,1220014,-1,1510024,1600045,1600046
1510024,그림책의 주인,2,2,-1,1220014,-1,-1,1510025,1600047,1600048
1510025,색 칠하기 Ⅳ,1,4,-1,1220013,1220013,1410013,1510026,1600049,1600050
1510026,집으로 가는 열차,1,3,1410013,1220014,1220014,1410015,-1,1600051,1600052